Workbook

Sheet Product Roadmap
A1: Instructions: Based on the scenario, place the Product Features into the phases on the Product Roadmap. The product features should be orderd so that the highest value features are delivered to users first and the simple to implement features are delivered before the more complex features. The product Features are listed in Column A. Each Cell in the four phases of the Product Roadmap has a dropdown list that allows you to select the product features that you want to appear in that phase of the roadmap. Every feature must be added to a Phase of the roadmap.
A2: Product Feature List | B2: Phase 1 | C2: Phase 2 | D2: Phase 3 | E2: Phase 4
A3: Initial Architecture/Database Setup & Design | B3: Initial Architecture/Database Setup & Design | C3: Upgrade Database | D3: Automated Integration for Importing | E3: Mobile App User Interface Refinement
A4: Develop iOS Compatible Mobile App | B4: Develop Web Portal application | C4: Security Update | D4: Develop iOS Compatible Mobile App | E4: Customizable/Interactive Dashboard with heatmaps, bar charts, and zooming capabilities
A5: Develop Android Compatible Mobile App | B5: Manual Importing | C5: Basic Data Searching Capability | D5: Develop Android Compatible Mobile App | E5: Web Portal Redesign
A6: Develop Web Portal application | B6: Authentication- Login/Logout | C6: Send Manual Amber Alerts by Region | D6: Automated Amber Alerts | E6: In-App messaging for Doctors and Patients
A7: Upgrade Database | B7: Basic Dashboard with heatmap display | C7: Export CSV of Reported Data | D7: User Based Preferences- Save Search & Reports
A8: Security Update | B8: Web Report of Data (View only no Export)
A9: Manual Importing
A10: Automated Integration for Importing
A11: Mobile App User Interface Refinement
A12: Authentication- Login/Logout
A13: Basic Dashboard with heatmap display
A14: Basic Data Searching Capability
A15: Automated Amber Alerts
A16: Customizable/Interactive Dashboard with heatmaps, bar charts, and zooming capabilities
A17: User Based Preferences- Save Search & Reports
A18: Web Portal Redesign
A19: Export CSV of Reported Data
A20: Send Manual Amber Alerts by Region
... A22: In-App messaging for Doctors and Patients

Sheet User Roles
A1: Instructions: Below are 7 user roles that have been identified for the product and a brief description for how each user will interact with the product. These user roles can be used to create user stories in the blue "User Story" tab.
A2: Roles | B2: Personas
A3: CDC Officials | B3: Will use product to determine where to apply funding and send test kits
A4: System Administrators | B4: Responsible for governing all roles of the product. This role is not a health professional. This role maintains and governs the system, the process, and does troubleshooting if other users have problems with their roles and access. This role also publishes product information and ensures that the system is performing as intended.
A5: Patients | B5: Will use the product to report, track, and monitor cases of the outbreak
A6: Test Centers | B6: Will use the product to report test kit usage
A7: Doctors | B7: Will use the product to share successful treatment remedies
A8: Medical Examiners | B8: Will use the product to report deaths caused by outbreak
A9: Healthcare Companies | B9: Will use the product to report test kit production and deliveries

Sheet User Stories
A1: Instructions: Create User Stories and Acceptance Criteria in the sheet using the 7 user roles that have been identified in the yellow user role tab. Two user stories have been provided for you for each role. Create at least 2 more user stories for each role based on the needs of each user. You will have at least 28 total user stories when finished. List at least 2 acceptance criteria for each User Story
A2: As a.. | B2: ....I can... | C2: ...so that... | D2: Completed User Story | E2: Acceptance Criteria (Minimum of 2)
A3: CDC Official | B3: view regional case counts on a heatmap | C3: I can identify outbreak hotspots and direct the response | D3: As a CDC Official, I can view regional case counts on a heatmap so that I can identify outbreak hotspots and direct the response. | E3: Case data is displayed only in anonymous aggregate form; The view can be filtered by state, county, and reporting period; The most recent data refresh time is visible.
A4: CDC Official | B4: compare test kits produced with tests administered by region | C4: I can identify supply gaps | D4: As a CDC Official, I can compare test kits produced with tests administered by region so that I can identify supply gaps. | E4: Production and administration totals identify their source and reporting period; The difference between kits produced and tests administered is shown for each region; Missing or stale reports are clearly identified.
A5: CDC Official | B5: rank regions by cases, deaths, testing activity, and available supply | C5: I can prioritize funding and test-kit allocation | D5: As a CDC Official, I can rank regions by cases, deaths, testing activity, and available supply so that I can prioritize funding and test-kit allocation. | E5: Each region shows the measures used to determine need; Regions with incomplete data or tied priority are identified; An allocation decision records the region, amount, date, and author.
A6: CDC Official | B6: publish a region-specific public update | C6: residents receive current outbreak guidance | D6: As a CDC Official, I can publish a region-specific public update so that residents receive current outbreak guidance. | E6: Each update specifies its region and effective period; The complete update can be reviewed before publication; Published and superseded updates remain identifiable.
A7: System Administrator | B7: provision a role-based account | C7: authorized organizations can submit and view the information required for their role | D7: As a System Administrator, I can provision a role-based account so that authorized organizations can submit and view the information required for their role. | E7: An account requires an identified organization and one approved role; The account receives only the permissions associated with its role; The administrator can confirm whether provisioning succeeded.
A8: System Administrator | B8: revoke a user's access | C8: former or unauthorized users can no longer reach protected outbreak data | D8: As a System Administrator, I can revoke a user's access so that former or unauthorized users can no longer reach protected outbreak data. | E8: Revoked credentials no longer permit protected access; The revocation records the affected user, administrator, time, and reason; The affected organization receives confirmation of the access change.
A9: System Administrator | B9: monitor data-feed status and validation failures | C9: I can resolve disruptions before decisions rely on incomplete data | D9: As a System Administrator, I can monitor data-feed status and validation failures so that I can resolve disruptions before decisions rely on incomplete data. | E9: Each feed shows its last successful update and current status; Rejected records identify the source and validation reason; A resolved disruption is distinguishable from an active disruption.
A10: System Administrator | B10: review the audit trail for protected records | C10: I can investigate inappropriate or erroneous changes | D10: As a System Administrator, I can review the audit trail for protected records so that I can investigate inappropriate or erroneous changes. | E10: Each entry identifies who changed what and when; Previous and revised values are available for authorized review; Entries can be filtered by user, organization, record, and date.
A11: Patient | B11: report a positive virus test and my U.S. location | C11: the CDC can track the spread of the outbreak | D11: As a Patient, I can report a positive virus test and my U.S. location so that the CDC can track the spread of the outbreak. | E11: The report requires the test date, result, state or territory, and county or equivalent locality; Reports are accepted for every U.S. state and territory; The patient receives confirmation without exposing personal identity in public aggregates.
A12: Patient | B12: correct a report that I previously submitted | C12: outbreak data remains accurate | D12: As a Patient, I can correct a report that I previously submitted so that outbreak data remains accurate. | E12: The original submission remains traceable to authorized reviewers; A correction requires a reason and timestamp; Relevant aggregate totals reflect the accepted correction.
A13: Patient | B13: view the heatmap and current guidance for my area | C13: I can understand local outbreak conditions | D13: As a Patient, I can view the heatmap and current guidance for my area so that I can understand local outbreak conditions. | E13: The heatmap presents only anonymous aggregate data; A patient can select a U.S. state or locality; The view displays the reporting period and current applicable guidance.
... A30: Healthcare Company | B30: correct a production or shipment submission | C30: downstream supply totals remain accurate | D30: As a Healthcare Company, I can correct a production or shipment submission so that downstream supply totals remain accurate. | E30: The original submission remains traceable to authorized reviewers; A correction requires a reason, author, and timestamp; Supply totals reflect the accepted correction without double counting.
D31: ="As a "&A31&" I can "&B31&" so that "&C31&"." -> As a I can so that .
D32: ="As a "&A32&" I can "&B32&" so that "&C32&"." -> As a I can so that .
D33: ="As a "&A33&" I can "&B33&" so that "&C33&"." -> As a I can so that .
D34: ="As a "&A34&" I can "&B34&" so that "&C34&"." -> As a I can so that .
D35: ="As a "&A35&" I can "&B35&" so that "&C35&"." -> As a I can so that .
D36: ="As a "&A36&" I can "&B36&" so that "&C36&"." -> As a I can so that .
D37: ="As a "&A37&" I can "&B37&" so that "&C37&"." -> As a I can so that .
D38: ="As a "&A38&" I can "&B38&" so that "&C38&"." -> As a I can so that .
D39: ="As a "&A39&" I can "&B39&" so that "&C39&"." -> As a I can so that .

Sheet Priority
A1: Instructions: All of the user stories that you created will automatically appear in this sheet. Prioritize the user stories so that the highest value features are delivered to users first using the following parameters: There are 3 Releases- Release 1-MVP, Release 2, and Release 3 (All contained in the dropdown menus in Column D) -Release 1-MVP can only have 10 user stories -Release 2 can only have 10 user stories -Release 3 can only have 5 user stories -All remaining user stories are assigned to "Backlog for Future Release" Hints/Tips: -Question if a user role has too much functionality to be in the MVP release. -Question what is a nice-to-have vs high-value based on the scenario and vision. -Question if you should trade off- what is the worst thing that could happen if the user had to wait for that functionality to come later. -Refine, rewrite, or delete a user story in the blue user story tab if it doesn’t fit into your Release or MVP plan
A2: Role | B2: User Story | C2: Acceptance Critieria | D2: Release | E2: Sprint | F2: Release 1-MVP Total Stories =10 | G2: Release 2 Total Stories =10 | H2: Release 3 Total Stories =5 | I2: Backlog for Future Release
A3: ='User Stories'!A3 -> CDC Official | B3: ='User Stories'!D3 -> As a CDC Official, I can view regional case counts on a heatmap so that I can identify outbreak hotspots and direct the response. | C3: ='User Stories'!E3 -> Case data is displayed only in anonymous aggregate form; The view can be filtered by state, county, and reporting period; The most recent data refresh time is visible. | D3: Release 1-MVP | E3: Sprint 2 | F3: =COUNTIF(D3:D39,"release 1-MVP") -> 10 | G3: =COUNTIF(D3:D39,"release 2") -> 10 | H3: =COUNTIF(D3:D39,"release 3") -> 5 | I3: =COUNTIF(D3:D39,"backlog for future release") -> 3
A4: ='User Stories'!A4 -> CDC Official | B4: ='User Stories'!D4 -> As a CDC Official, I can compare test kits produced with tests administered by region so that I can identify supply gaps. | C4: ='User Stories'!E4 -> Production and administration totals identify their source and reporting period; The difference between kits produced and tests administered is shown for each region; Missing or stale reports are clearly identified. | D4: Release 1-MVP | E4: Sprint 2
A5: ='User Stories'!A5 -> CDC Official | B5: ='User Stories'!D5 -> As a CDC Official, I can rank regions by cases, deaths, testing activity, and available supply so that I can prioritize funding and test-kit allocation. | C5: ='User Stories'!E5 -> Each region shows the measures used to determine need; Regions with incomplete data or tied priority are identified; An allocation decision records the region, amount, date, and author. | D5: Release 1-MVP | E5: Sprint 3
A6: ='User Stories'!A6 -> CDC Official | B6: ='User Stories'!D6 -> As a CDC Official, I can publish a region-specific public update so that residents receive current outbreak guidance. | C6: ='User Stories'!E6 -> Each update specifies its region and effective period; The complete update can be reviewed before publication; Published and superseded updates remain identifiable. | D6: Release 2 | E6: Sprint 5
A7: ='User Stories'!A7 -> System Administrator | B7: ='User Stories'!D7 -> As a System Administrator, I can provision a role-based account so that authorized organizations can submit and view the information required for their role. | C7: ='User Stories'!E7 -> An account requires an identified organization and one approved role; The account receives only the permissions associated with its role; The administrator can confirm whether provisioning succeeded. | D7: Release 1-MVP | E7: Sprint 1
A8: ='User Stories'!A8 -> System Administrator | B8: ='User Stories'!D8 -> As a System Administrator, I can revoke a user's access so that former or unauthorized users can no longer reach protected outbreak data. | C8: ='User Stories'!E8 -> Revoked credentials no longer permit protected access; The revocation records the affected user, administrator, time, and reason; The affected organization receives confirmation of the access change. | D8: Release 2 | E8: Sprint 4
A9: ='User Stories'!A9 -> System Administrator | B9: ='User Stories'!D9 -> As a System Administrator, I can monitor data-feed status and validation failures so that I can resolve disruptions before decisions rely on incomplete data. | C9: ='User Stories'!E9 -> Each feed shows its last successful update and current status; Rejected records identify the source and validation reason; A resolved disruption is distinguishable from an active disruption. | D9: Release 3 | E9: Sprint 7
A10: ='User Stories'!A10 -> System Administrator | B10: ='User Stories'!D10 -> As a System Administrator, I can review the audit trail for protected records so that I can investigate inappropriate or erroneous changes. | C10: ='User Stories'!E10 -> Each entry identifies who changed what and when; Previous and revised values are available for authorized review; Entries can be filtered by user, organization, record, and date. | D10: Backlog for Future Release
A11: ='User Stories'!A11 -> Patient | B11: ='User Stories'!D11 -> As a Patient, I can report a positive virus test and my U.S. location so that the CDC can track the spread of the outbreak. | C11: ='User Stories'!E11 -> The report requires the test date, result, state or territory, and county or equivalent locality; Reports are accepted for every U.S. state and territory; The patient receives confirmation without exposing personal identity in public aggregates. | D11: Release 1-MVP | E11: Sprint 1
A12: ='User Stories'!A12 -> Patient | B12: ='User Stories'!D12 -> As a Patient, I can correct a report that I previously submitted so that outbreak data remains accurate. | C12: ='User Stories'!E12 -> The original submission remains traceable to authorized reviewers; A correction requires a reason and timestamp; Relevant aggregate totals reflect the accepted correction. | D12: Release 2 | E12: Sprint 4
A13: ='User Stories'!A13 -> Patient | B13: ='User Stories'!D13 -> As a Patient, I can view the heatmap and current guidance for my area so that I can understand local outbreak conditions. | C13: ='User Stories'!E13 -> The heatmap presents only anonymous aggregate data; A patient can select a U.S. state or locality; The view displays the reporting period and current applicable guidance. | D13: Release 1-MVP | E13: Sprint 3
A14: ='User Stories'!A14 -> Patient | B14: ='User Stories'!D14 -> As a Patient, I can report public locations visited during the infectious period so that potentially exposed people can be warned without revealing my identity. | C14: ='User Stories'!E14 -> This option is available only for a reported positive case; Each location entry includes the place, locality, and visit date; Public notices do not disclose the reporting patient's identity. | D14: Release 2 | E14: Sprint 5
A15: ='User Stories'!A15 -> Test Center | B15: ='User Stories'!D15 -> As a Test Center, I can report tests administered and result counts by day and location so that the CDC can measure testing activity. | C15: ='User Stories'!E15 -> Counts must be whole, nonnegative numbers for a specified center and date; Positive, negative, and inconclusive counts cannot exceed total tests administered; The center receives a submission confirmation. | D15: Release 1-MVP | E15: Sprint 2
A16: ='User Stories'!A16 -> Test Center | B16: ='User Stories'!D16 -> As a Test Center, I can view and update test-kit inventory on hand so that I can maintain an accurate supply count. | C16: ='User Stories'!E16 -> Inventory is shown by center and kit type; Each adjustment records the quantity, date, and reason; An adjustment cannot result in negative inventory. | D16: Release 2 | E16: Sprint 4
A17: ='User Stories'!A17 -> Test Center | B17: ='User Stories'!D17 -> As a Test Center, I can receive a low-stock warning when inventory crosses a defined threshold so that I can request additional supplies before testing is interrupted. | C17: ='User Stories'!E17 -> A threshold can be defined for each kit type; A warning identifies the center, kit type, threshold, and current quantity; The warning is cleared when inventory is restored above the threshold. | D17: Release 2 | E17: Sprint 5
A18: ='User Stories'!A18 -> Test Center | B18: ='User Stories'!D18 -> As a Test Center, I can report a test-kit delivery received so that delivered inventory can be reconciled with shipments. | C18: ='User Stories'!E18 -> A receipt includes the supplier, kit type, quantity, lot identifier, and received date; An accepted receipt increases inventory by the reported quantity; A possible duplicate receipt is identified before acceptance. | D18: Release 3 | E18: Sprint 6
A19: ='User Stories'!A19 -> Doctor | B19: ='User Stories'!D19 -> As a Doctor, I can submit a successful treatment or remedy and its patient outcome so that the CDC can assess promising clinical practices. | C19: ='User Stories'!E19 -> The submission excludes directly identifying patient information; The intervention, relevant condition, outcome, and observation date are required; Unverified or anecdotal evidence is clearly labeled. | D19: Release 1-MVP | E19: Sprint 3
A20: ='User Stories'!A20 -> Doctor | B20: ='User Stories'!D20 -> As a Doctor, I can view the review status of a treatment submission so that I know whether additional clinical information is required. | C20: ='User Stories'!E20 -> Each submission has a receipt identifier and current review status; A request for more information states what is missing; Status history includes the date of each change. | D20: Backlog for Future Release
A21: ='User Stories'!A21 -> Doctor | B21: ='User Stories'!D21 -> As a Doctor, I can update a submitted treatment outcome with follow-up information so that the clinical record reflects the latest observed result. | C21: ='User Stories'!E21 -> The prior outcome remains available to authorized reviewers; An update requires an observation date and reason; The latest accepted outcome is clearly distinguished from earlier observations. | D21: Release 2 | E21: Sprint 5
A22: ='User Stories'!A22 -> Doctor | B22: ='User Stories'!D22 -> As a Doctor, I can search deidentified summaries of submitted remedies so that I can identify patterns that may inform patient care. | C22: ='User Stories'!E22 -> Results can be filtered by condition, intervention, and reported outcome; Results contain no directly identifying patient information; Each summary distinguishes reported observations from validated guidance. | D22: Release 3 | E22: Sprint 7
A23: ='User Stories'!A23 -> Medical Examiner | B23: ='User Stories'!D23 -> As a Medical Examiner, I can report an outbreak-related death by date and jurisdiction so that the CDC can measure mortality. | C23: ='User Stories'!E23 -> The report requires the date, jurisdiction, and outbreak attribution status; A unique case or death reference prevents duplicate counting; The examiner receives confirmation that the report was accepted or rejected. | D23: Release 1-MVP | E23: Sprint 2
A24: ='User Stories'!A24 -> Medical Examiner | B24: ='User Stories'!D24 -> As a Medical Examiner, I can record deidentified demographic and comorbidity information so that mortality patterns can be analyzed across populations. | C24: ='User Stories'!E24 -> Demographic values use consistent categories and allow an unknown value; Direct identifiers are excluded from CDC aggregate views; Submitted attributes remain linked to the correct death record. | D24: Release 2 | E24: Sprint 4
A25: ='User Stories'!A25 -> Medical Examiner | B25: ='User Stories'!D25 -> As a Medical Examiner, I can amend a death record after official review so that mortality totals reflect corrected findings. | C25: ='User Stories'!E25 -> The original record remains available to authorized reviewers; An amendment requires the author, timestamp, and reason; Affected mortality totals reflect the accepted amendment. | D25: Release 3 | E25: Sprint 6
A26: ='User Stories'!A26 -> Medical Examiner | B26: ='User Stories'!D26 -> As a Medical Examiner, I can view my submission history and rejection reasons so that I can verify that official records were received and correct errors. | C26: ='User Stories'!E26 -> Each submission displays its receipt identifier, date, and status; Rejected submissions include a specific reason; History can be filtered by date and jurisdiction. | D26: Backlog for Future Release
A27: ='User Stories'!A27 -> Healthcare Company | B27: ='User Stories'!D27 -> As a Healthcare Company, I can report test kits produced by product and date so that the CDC can determine available national supply. | C27: ='User Stories'!E27 -> The report requires the company, kit type, production date, and nonnegative whole-number quantity; The reporting period is explicit; The company receives confirmation of the accepted quantity. | D27: Release 1-MVP | E27: Sprint 1
A28: ='User Stories'!A28 -> Healthcare Company | B28: ='User Stories'!D28 -> As a Healthcare Company, I can report test-kit shipments to test centers so that the CDC can distinguish produced supply from supply in transit or delivered. | C28: ='User Stories'!E28 -> Each shipment identifies the destination center, kit type, quantity, and ship date; Shipment status distinguishes in-transit and delivered quantities; Reported shipment quantity cannot exceed available reported supply without a warning. | D28: Release 2 | E28: Sprint 4
A29: ='User Stories'!A29 -> Healthcare Company | B29: ='User Stories'!D29 -> As a Healthcare Company, I can submit a production-capacity forecast so that the CDC can anticipate future supply constraints. | C29: ='User Stories'!E29 -> A forecast specifies the kit type, time period, expected capacity, and uncertainty; The latest forecast is distinguishable from prior forecasts; A company can indicate a known constraint affecting capacity. | D29: Release 2 | E29: Sprint 5
A30: ='User Stories'!A30 -> Healthcare Company | B30: ='User Stories'!D30 -> As a Healthcare Company, I can correct a production or shipment submission so that downstream supply totals remain accurate. | C30: ='User Stories'!E30 -> The original submission remains traceable to authorized reviewers; A correction requires a reason, author, and timestamp; Supply totals reflect the accepted correction without double counting. | D30: Release 3 | E30: Sprint 7
A31: ='User Stories'!A31 | B31: ='User Stories'!D31 -> As a I can so that . | C31: ='User Stories'!E31
A32: ='User Stories'!A32 | B32: ='User Stories'!D32 -> As a I can so that . | C32: ='User Stories'!E32
A33: ='User Stories'!A33 | B33: ='User Stories'!D33 -> As a I can so that . | C33: ='User Stories'!E33
A34: ='User Stories'!A34 | B34: ='User Stories'!D34 -> As a I can so that . | C34: ='User Stories'!E34
A35: ='User Stories'!A35 | B35: ='User Stories'!D35 -> As a I can so that . | C35: ='User Stories'!E35
A36: ='User Stories'!A36 | B36: ='User Stories'!D36 -> As a I can so that . | C36: ='User Stories'!E36
A37: ='User Stories'!A37 | B37: ='User Stories'!D37 -> As a I can so that . | C37: ='User Stories'!E37
A38: ='User Stories'!A37 | B38: ='User Stories'!D37 -> As a I can so that . | C38: ='User Stories'!E37
A39: ='User Stories'!A38 | B39: ='User Stories'!D38 -> As a I can so that . | C39: ='User Stories'!E38

Sheet Release Plan & MVP Plan
A1: Instructions: Create a Release & MVP Plan in this sheet. Copy your 10 Release 1-MVP user stories into column A, Rows 3-12 in the Release & MVP plan template Copy your 10 Release 2 user stories into column A, Rows 13-22 in the Release & MVP plan template Copy your 5 Release 3 user stories into column A, Rows 23-27 in the Release & MVP plan template
A2: Releases | B2: Sprints | C2: User Story | D2: Story Points
A3: Release 1- MVP | B3: Sprint 1 | C3: As a System Administrator, I can provision a role-based account so that authorized organizations can submit and view the information required for their role. | D3: 2
C4: As a Patient, I can report a positive virus test and my U.S. location so that the CDC can track the spread of the outbreak. | D4: 3
C5: As a Healthcare Company, I can report test kits produced by product and date so that the CDC can determine available national supply. | D5: 3
B6: Sprint 2 | C6: As a CDC Official, I can view regional case counts on a heatmap so that I can identify outbreak hotspots and direct the response. | D6: 5
C7: As a Medical Examiner, I can report an outbreak-related death by date and jurisdiction so that the CDC can measure mortality. | D7: 0.5
C8: As a Test Center, I can report tests administered and result counts by day and location so that the CDC can measure testing activity. | D8: 2
C9: As a CDC Official, I can compare test kits produced with tests administered by region so that I can identify supply gaps. | D9: 0.5
B10: Sprint 3 | C10: As a Doctor, I can submit a successful treatment or remedy and its patient outcome so that the CDC can assess promising clinical practices. | D10: 5
C11: As a CDC Official, I can rank regions by cases, deaths, testing activity, and available supply so that I can prioritize funding and test-kit allocation. | D11: 2
C12: As a Patient, I can view the heatmap and current guidance for my area so that I can understand local outbreak conditions. | D12: 1
A13: Release 2 | B13: Sprint 4 | C13: As a Patient, I can correct a report that I previously submitted so that outbreak data remains accurate. | D13: 5
C14: As a Test Center, I can view and update test-kit inventory on hand so that I can maintain an accurate supply count. | D14: 0.5
C15: As a Healthcare Company, I can report test-kit shipments to test centers so that the CDC can distinguish produced supply from supply in transit or delivered. | D15: 1
C16: As a Medical Examiner, I can record deidentified demographic and comorbidity information so that mortality patterns can be analyzed across populations. | D16: 1
C17: As a System Administrator, I can revoke a user's access so that former or unauthorized users can no longer reach protected outbreak data. | D17: 0.5
B18: Sprint 5 | C18: As a CDC Official, I can publish a region-specific public update so that residents receive current outbreak guidance. | D18: 1
C19: As a Patient, I can report public locations visited during the infectious period so that potentially exposed people can be warned without revealing my identity. | D19: 2
C20: As a Test Center, I can receive a low-stock warning when inventory crosses a defined threshold so that I can request additional supplies before testing is interrupted. | D20: 2
C21: As a Doctor, I can update a submitted treatment outcome with follow-up information so that the clinical record reflects the latest observed result. | D21: 1
C22: As a Healthcare Company, I can submit a production-capacity forecast so that the CDC can anticipate future supply constraints. | D22: 3
A23: Release 3 | B23: Sprint 6 | C23: As a Test Center, I can report a test-kit delivery received so that delivered inventory can be reconciled with shipments. | D23: 3
C24: As a Medical Examiner, I can amend a death record after official review so that mortality totals reflect corrected findings. | D24: 5
B25: Sprint 7 | C25: As a System Administrator, I can monitor data-feed status and validation failures so that I can resolve disruptions before decisions rely on incomplete data. | D25: 2
C26: As a Doctor, I can search deidentified summaries of submitted remedies so that I can identify patterns that may inform patient care. | D26: 0.5
C27: As a Healthcare Company, I can correct a production or shipment submission so that downstream supply totals remain accurate. | D27: 5
